trip_id,driver_id,distance_km,fare_amount,predicted_fare,deviation
97a21c77-89ad-4992-9fc4-a69f8c98da06,49,43.66,96.68,87.41721146767438,9.26278853232563
560f48b0-0711-47b5-8a06-154e6310eab5,45,37.75,79.07,88.86997252963255,9.799972529632555
bf04113e-d224-434e-8cb5-56a4ac70707a,39,35.27,6.14,89.47959138473513,83.33959138473513
